52°41′42″N	52.69507029	4°28′40″E	4.47769568	81.4774	327.637°
51°24′59″N	51.41649132	5°22′13″E	5.37015135	75.501	166.966°
52°52′23″N	52.87310348	4°28′01″E	4.46704049	99.0178	333.52°
52°24′51″N	52.41421529	4°33′24″E	4.55673138	53.7944	314.253°
52°11′09″N	52.18583877	3°52′23″E	3.8731457	86.285	278.479°
51°38′30″N	51.64177343	4°45′27″E	4.75760523	54.687	207.601°
52°31′29″N	52.52475651	4°01′30″E	4.02495569	89.7944	304.028°
51°50′39″N	51.84407577	6°25′05″E	6.41798574	92.3799	105.853°
52°35′07″N	52.58527198	5°46′21″E	5.77256537	71.5661	37.719°
51°59′05″N	51.98464959	4°23′49″E	4.39696849	50.8694	258.501°
51°48′26″N	51.80732012	5°43′09″E	5.71909918	50.6747	126.226°
52°01′19″N	52.02184456	5°59′24″E	5.9899336	59.5135	95.69°
52°41′06″N	52.68499862	5°31′35″E	5.52651665	72.8109	21.846°
52°26′18″N	52.43838518	3°47′35″E	3.7931183	99.117	294.375°
51°59′51″N	51.99758896	5°51′22″E	5.85618949	50.8436	99.851°
51°27′10″N	51.45272304	4°18′27″E	4.30737849	89.4584	219.29°
52°04′39″N	52.07757145	3°59′27″E	3.99071116	77.5159	270.407°
52°43′54″N	52.73163845	4°49′42″E	4.82828166	75.4253	344.652°
52°40′34″N	52.67619785	6°01′13″E	6.02029295	90.1319	42.076°
51°42′19″N	51.70517896	4°41′40″E	4.6943107	50.9203	215.631°
51°28′51″N	51.48095565	4°42′52″E	4.71444349	72.1649	203.19°
51°58′37″N	51.97684536	3°52′00″E	3.86653602	86.8339	263.047°
51°53′20″N	51.88876734	4°18′55″E	4.31525698	59.3106	249.526°
52°49′44″N	52.82883071	4°31′03″E	4.51751486	93.0947	334.004°
52°01′17″N	52.02130649	4°51′12″E	4.85330171	19.607	251.324°
52°22′32″N	52.37552938	6°07′09″E	6.11910818	75.3968	63.579°
52°08′48″N	52.14652904	4°42′02″E	4.7005797	29.9527	284.895°
52°15′12″N	52.25333786	6°09′59″E	6.1663092	73.6888	74.249°
51°39′59″N	51.66663859	4°03′13″E	4.05347434	86.6335	238.537°
51°48′06″N	51.80161237	4°04′02″E	4.06728584	78.7551	247.435°
52°09′12″N	52.15344158	5°11′59″E	5.19971907	9.8262	31.409°
52°26′22″N	52.43950209	6°04′01″E	6.06703858	75.7106	57.556°
51°52′11″N	51.86967227	4°22′03″E	4.3674544	56.8252	246.226°
52°21′27″N	52.35753107	4°48′04″E	4.80105665	38.1122	324.773°
52°36′01″N	52.60035573	4°28′15″E	4.4707643	73.1397	322.844°
52°47′33″N	52.79250011	5°24′34″E	5.4093222	81.7742	13.54°
52°09′57″N	52.16583102	3°48′50″E	3.81378452	90.0519	276.74°
51°38′43″N	51.64532449	6°20′45″E	6.34578684	96.7039	119.368°
52°32′32″N	52.54232443	4°23′13″E	4.38689955	71.9962	316.117°
52°31′55″N	52.53198413	4°56′45″E	4.94571359	51.934	346.516°
51°46′20″N	51.7723146	5°26′34″E	5.44284152	40.4075	147.186°
52°05′20″N	52.088819	6°32′50″E	6.54725734	97.2389	88.734°
51°28′51″N	51.48069502	4°36′10″E	4.60276779	75.5285	208.598°
51°37′40″N	51.62767592	6°13′11″E	6.21963045	90.378	123.229°
52°34′09″N	52.56903617	4°04′03″E	4.06753692	90.2587	307.647°
52°19′12″N	52.32001546	5°37′23″E	5.62313917	43.3466	51.426°
52°36′54″N	52.61492673	5°18′57″E	5.31570737	61.1073	12.188°
52°52′26″N	52.87381627	5°06′33″E	5.10903701	88.5147	359.32°
51°19′08″N	51.31894905	5°09′47″E	5.16298044	84.475	178.194°
51°29′57″N	51.4992205	6°12′50″E	6.21377389	98.7892	130.242°
52°43′57″N	52.73254714	5°37′27″E	5.62423695	80.3005	24.772°
51°13′42″N	51.22823226	5°12′34″E	5.20933028	94.7042	176.43°
52°43′33″N	52.7258838	4°11′02″E	4.18388025	96.2681	318.829°
52°16′29″N	52.27473487	6°11′16″E	6.18775177	75.7364	72.793°
52°07′57″N	52.13252394	4°00′10″E	4.00285615	76.8774	274.961°
51°59′52″N	51.99764195	5°06′01″E	5.10040569	9.0982	190.528°
52°12′34″N	52.20939497	6°05′19″E	6.08873688	67.4054	77.104°
51°36′38″N	51.61043456	3°53′34″E	3.89265403	99.3589	238.92°
52°18′23″N	52.3063126	5°13′34″E	5.22618206	26.3134	15.209°
51°43′44″N	51.7290086	4°25′26″E	4.42375564	61.8142	231.368°
52°01′51″N	52.03097004	5°46′35″E	5.77648697	44.8864	96.445°
52°15′45″N	52.26246463	3°58′07″E	3.96852871	81.4914	285.033°
51°13′07″N	51.21858685	5°13′24″E	5.22336751	95.839	175.886°
51°59′06″N	51.98495413	4°23′10″E	4.38611823	51.5895	258.711°
52°31′34″N	52.5261714	6°22′28″E	6.37455192	98.5411	59.123°
52°28′05″N	52.46803512	5°08′46″E	5.1461864	43.3995	1.924°
51°55′49″N	51.93024787	5°45′32″E	5.7588284	46.4293	110.489°
52°40′10″N	52.66944443	4°36′31″E	4.60862245	74.5286	332.158°
51°16′39″N	51.27761518	5°32′39″E	5.54428971	93.6163	161.828°
51°45′17″N	51.75482949	4°07′17″E	4.12151588	77.6465	242.813°
52°47′25″N	52.79015253	5°42′14″E	5.70387398	88.4056	26.147°
51°18′34″N	51.30934626	5°42′04″E	5.70110627	94.2859	154.844°
52°49′59″N	52.8329208	4°19′58″E	4.33264386	99.6536	327.719°
51°58′59″N	51.98297887	5°43′37″E	5.72688468	42.5448	104.157°
51°27′55″N	51.46525921	5°55′40″E	5.92776263	87.7539	140.644°
52°17′37″N	52.29374515	5°04′34″E	5.07617539	24.2162	352.168°
52°57′18″N	52.95506834	5°12′47″E	5.21312736	97.7292	3.477°
52°25′45″N	52.42927367	4°42′37″E	4.71039174	48.1837	324.33°
52°54′19″N	52.90523843	4°39′15″E	4.65412426	97.3655	341.082°
52°07′18″N	52.12160396	6°13′27″E	6.22409563	75.2726	85.878°
51°53′47″N	51.89652102	5°07′24″E	5.12337058	20.1928	180.255°
52°20′48″N	52.34673264	5°18′57″E	5.31574087	32.5965	23.469°
52°50′06″N	52.83500799	4°44′39″E	4.74407017	88.055	343.115°
52°53′49″N	52.89688719	5°19′03″E	5.31759308	92.0068	8.088°
52°20′17″N	52.33799372	6°08′35″E	6.14297825	75.1859	66.984°
51°23′07″N	51.38521488	5°59′33″E	5.99248976	97.5307	141.856°
51°45′37″N	51.76016866	5°11′22″E	5.1895726	35.6377	172.799°
51°28′09″N	51.46902993	4°12′13″E	4.2036547	92.7719	223.461°
51°51′03″N	51.85069506	5°14′21″E	5.23916323	26.4787	162.719°
52°39′40″N	52.66105521	5°36′31″E	5.60860346	72.6957	26.685°
51°34′40″N	51.5778219	4°56′10″E	4.93621916	57.1285	193.181°
51°49′39″N	51.82763745	5°23′23″E	5.38976966	33.2576	146.776°
52°10′21″N	52.17247632	5°08′58″E	5.14949822	10.6368	9.158°
52°22′42″N	52.37827796	5°24′29″E	5.40807603	38.5714	29.925°
51°59′50″N	51.99718151	4°18′26″E	4.30719812	56.6509	261.185°
51°43′51″N	51.73085919	5°46′22″E	5.77275587	58.9001	130.714°
52°33′40″N	52.56118378	5°40′58″E	5.6827579	65.7804	35.005°
52°27′15″N	52.45405439	4°27′29″E	4.4581776	61.7023	312.932°
51°41′16″N	51.68782014	4°49′59″E	4.83291857	47.8048	204.888°
52°49′59″N	52.83294273	5°32′26″E	5.54068645	88.5698	18.398°
52°26′04″N	52.43431975	4°32′07″E	4.53521894	56.3985	314.867°
51°45′24″N	51.75666544	4°23′29″E	4.39149645	61.7082	234.887°
52°33′23″N	52.55651862	5°48′55″E	5.81525569	70.9683	41.149°
51°44′53″N	51.74818328	3°55′56″E	3.93232861	89.658	246.313°
52°33′41″N	52.56152515	5°09′02″E	5.15042064	53.8018	1.854°
52°24′21″N	52.40580552	6°24′26″E	6.4072708	94.6527	66.843°
51°27′53″N	51.46468189	5°15′58″E	5.26621664	68.9164	171.818°
52°10′45″N	52.17927363	5°33′23″E	5.5563249	31.5495	68.926°
51°54′55″N	51.91527875	5°12′22″E	5.20606923	18.9447	162.858°
51°38′56″N	51.64888646	5°18′49″E	5.31348083	49.4661	164.728°
51°32′23″N	51.53971813	5°01′18″E	5.02164088	60.2962	186.79°
52°33′12″N	52.553276	5°30′55″E	5.51516099	59.1492	26.517°
51°20′23″N	51.33960669	5°23′05″E	5.38460892	84.0669	167.594°
52°13′12″N	52.21989747	4°44′16″E	4.73773045	30.7621	301.004°
52°10′19″N	52.17181389	3°51′14″E	3.85391844	87.3989	277.353°
52°35′26″N	52.59063995	5°17′23″E	5.28971703	58.1046	11.065°
52°47′24″N	52.78986898	5°33′17″E	5.55476264	84.3717	20.052°
51°14′49″N	51.24706634	5°35′18″E	5.58835592	97.8079	160.727°
52°39′37″N	52.66021226	5°37′18″E	5.62170255	73.0192	27.336°
51°38′06″N	51.63496951	5°30′00″E	5.49991395	55.618	152.241°
51°37′59″N	51.63294697	6°01′11″E	6.01970896	78.9408	128.488°
51°25′22″N	51.42281716	5°56′16″E	5.93782466	91.9049	142.146°
51°39′14″N	51.65376161	4°43′00″E	4.71666907	54.8866	210.862°
52°48′39″N	52.81083416	5°40′34″E	5.67613779	89.6681	24.423°
52°20′06″N	52.33489123	3°52′34″E	3.87617909	89.7647	289.048°
51°46′29″N	51.77476648	4°21′52″E	4.36454298	62.0996	237.396°
51°31′40″N	51.52772032	6°02′15″E	6.03745421	87.6816	133.917°
52°32′03″N	52.53422817	5°44′30″E	5.74169363	65.8408	39.349°
52°30′27″N	52.5074712	5°26′00″E	5.43320071	52.1692	23.601°
52°21′31″N	52.35864194	5°11′27″E	5.19095123	31.5325	8.208°
52°48′06″N	52.80156948	4°21′55″E	4.36537654	95.5307	327.691°
52°49′36″N	52.82652829	5°25′22″E	5.42279001	85.6658	13.525°
51°34′26″N	51.57389013	4°30′51″E	4.51428878	70.0379	217.046°
51°24′10″N	51.40270788	6°03′41″E	6.06149226	99.0223	138.971°
52°19′26″N	52.3239158	5°41′23″E	5.68981852	47.2433	54.41°
52°49′36″N	52.82671969	5°06′54″E	5.11508266	83.2725	359.556°
52°03′29″N	52.05804295	5°39′58″E	5.6660052	37.0791	93.23°
51°23′24″N	51.3899486	5°57′53″E	5.96482452	95.9521	142.575°
51°48′17″N	51.80482314	5°32′08″E	5.53549102	41.4378	137.013°
52°03′13″N	52.05357069	5°00′53″E	5.01477539	7.9937	250.116°
51°53′39″N	51.89418252	6°09′41″E	6.16147642	73.9051	105.657°
52°37′10″N	52.61950197	5°06′28″E	5.10774946	60.2329	358.912°
52°44′08″N	52.73542603	4°58′00″E	4.96659372	73.8983	351.716°
52°41′57″N	52.69904017	4°22′31″E	4.37534439	85.7769	323.926°
51°56′50″N	51.94725364	4°00′49″E	4.01357738	77.4426	259.609°
52°10′13″N	52.17035584	4°22′41″E	4.37803492	52.0095	281.678°
51°28′11″N	51.46968787	5°57′58″E	5.96608226	89.0618	139.113°
52°30′43″N	52.51187878	5°23′59″E	5.39964737	51.7499	21.08°
52°07′44″N	52.12879349	4°37′48″E	4.63002439	34.2623	279.674°
52°05′54″N	52.0982843	3°47′02″E	3.78383927	91.6631	271.935°
51°17′50″N	51.29709978	4°59′25″E	4.99036319	87.3563	186.139°
52°22′44″N	52.37883156	5°10′13″E	5.17023137	33.5967	5.282°
52°11′34″N	52.19272882	3°58′31″E	3.97529182	79.4981	279.685°
52°18′32″N	52.30895954	4°14′32″E	4.24216689	65.4218	293.461°
52°13′07″N	52.21865	4°23′57″E	4.39924863	51.9214	287.813°
52°29′15″N	52.48741129	4°06′57″E	4.11586091	82.3702	303.953°
51°26′05″N	51.43463573	5°38′41″E	5.64461345	80.0194	153.221°
52°09′04″N	52.15098701	4°16′59″E	4.28302705	58.056	278.363°
52°14′45″N	52.24588015	5°59′30″E	5.99168678	62.03	72.146°
51°52′14″N	51.87042082	5°54′05″E	5.90135964	58.0111	113.155°
51°12′37″N	51.21029917	4°57′35″E	4.959704	97.1878	186.793°
51°19′58″N	51.3329132	4°52′36″E	4.87664226	84.6254	191.753°
51°35′45″N	51.59586398	5°00′57″E	5.01597184	54.1514	187.973°
52°46′32″N	52.77553603	5°11′32″E	5.19211052	77.7117	3.347°
52°19′23″N	52.32310117	4°53′48″E	4.89667706	31.3749	330.394°
52°07′22″N	52.12264074	4°12′06″E	4.2015624	63.2654	274.859°
51°55′29″N	51.92477131	3°55′19″E	3.92182594	84.1114	258.779°
52°30′24″N	52.50659654	3°53′14″E	3.88733816	96.732	300.009°
51°55′07″N	51.91870395	6°00′08″E	6.00214457	62.6482	106.089°
52°36′21″N	52.6058316	5°03′40″E	5.06100267	58.8607	355.809°
51°54′49″N	51.91372065	3°57′23″E	3.95645738	82.0654	257.591°
51°25′52″N	51.43119847	5°01′56″E	5.03225723	72.2295	185.091°
51°50′51″N	51.84754255	5°59′57″E	5.99917743	65.187	112.817°
51°21′42″N	51.36165341	5°43′42″E	5.72831087	89.8855	152.199°
51°48′09″N	51.8025619	5°55′14″E	5.92056508	62.5872	119.001°
51°53′43″N	51.89523855	6°01′08″E	6.01882437	64.5343	108.015°
52°12′04″N	52.20107145	3°48′19″E	3.80527096	91.1001	279.158°
52°13′47″N	52.2296204	5°34′34″E	5.57601612	35.1111	61.13°
51°36′58″N	51.61603643	6°00′38″E	6.01055356	79.6609	129.824°
51°32′15″N	51.53744591	4°00′20″E	4.00550512	97.6696	232.442°
52°12′33″N	52.20915227	5°33′34″E	5.55933283	33.0574	63.657°
52°25′40″N	52.42791155	5°09′20″E	5.15565696	38.9691	3.09°
52°03′35″N	52.05973715	5°01′59″E	5.03300364	6.5914	252.02°
51°40′21″N	51.67258379	5°23′39″E	5.39427877	48.7519	157.577°
51°56′50″N	51.94716456	4°47′39″E	4.79424805	26.9015	237.363°
52°38′46″N	52.64618895	4°02′43″E	4.04533162	96.7848	311.186°
52°26′42″N	52.44511565	5°42′52″E	5.71452839	57.2635	44.293°
51°19′37″N	51.32687807	4°37′16″E	4.62102998	90.4772	202.762°
52°12′52″N	52.21450474	4°58′54″E	4.9816152	18.0457	327.297°
52°04′52″N	52.0811943	4°24′52″E	4.41444942	48.5495	270.691°
52°05′07″N	52.08529772	3°50′15″E	3.83738443	87.9927	271.032°
52°28′05″N	52.46798994	4°33′19″E	4.55529418	58.1603	318.443°
52°33′39″N	52.56078057	4°54′00″E	4.90011231	55.8192	344.215°
52°24′14″N	52.40391531	5°24′51″E	5.4141284	41.2575	28.429°
51°50′06″N	51.83511941	6°30′30″E	6.50828952	98.611	105.358°
51°23′59″N	51.3997998	5°48′48″E	5.81338846	89.1141	147.568°
52°28′10″N	52.46932691	4°16′04″E	4.26791201	72.7587	307.073°
51°39′07″N	51.65182363	6°18′20″E	6.30548431	93.9411	119.844°
51°56′03″N	51.93423947	4°40′31″E	4.67526953	34.6804	242.708°
52°29′07″N	52.48525502	5°40′57″E	5.68251288	59.093	39.746°
52°20′53″N	52.34817239	5°57′05″E	5.95131567	63.8457	61.604°
52°22′26″N	52.37390934	5°50′55″E	5.8485969	59.2902	56.004°
51°35′04″N	51.58446087	4°39′54″E	4.66507485	63.3418	210.098°
51°33′22″N	51.55622794	5°25′37″E	5.4268713	61.6489	160.185°
51°57′02″N	51.950591	6°18′22″E	6.3060417	82.1036	99.478°
51°50′26″N	51.84050075	4°26′17″E	4.43816897	53.9648	240.954°
51°54′16″N	51.9045149	4°08′09″E	4.13587357	70.4211	254.481°
51°34′58″N	51.58291636	5°17′40″E	5.29454603	56.2977	167.963°
52°11′11″N	52.18626759	5°08′46″E	5.1460393	12.1229	6.9°
52°17′37″N	52.29351182	6°09′45″E	6.16244978	74.715	70.884°
51°44′50″N	51.74732788	4°09′35″E	4.15979073	75.7356	241.321°
52°09′31″N	52.15873826	6°00′04″E	6.00103508	60.5204	81.128°
51°29′59″N	51.49976401	5°12′22″E	5.20620147	64.5664	174.985°
52°25′39″N	52.42757705	5°36′42″E	5.61165317	51.0949	40.27°
52°04′34″N	52.07604896	4°00′15″E	4.00407677	76.6039	270.274°
52°53′18″N	52.88823303	5°36′03″E	5.60088026	95.7104	19.506°
52°33′45″N	52.56238988	4°21′49″E	4.36358428	74.6947	316.453°
52°35′45″N	52.59570837	5°05′09″E	5.08582893	57.636	357.39°
51°35′39″N	51.59424226	5°01′49″E	5.03034215	54.2031	186.907°
51°56′21″N	51.93921745	5°20′14″E	5.33713552	21.2151	136.631°
52°32′34″N	52.54284977	5°26′25″E	5.44026769	55.9735	22.42°
51°56′48″N	51.94666544	4°36′59″E	4.61636544	37.7431	247.418°
51°40′29″N	51.67471512	4°29′32″E	4.49208679	62.4462	224.325°
51°43′35″N	51.72634888	5°10′18″E	5.17165608	39.2528	175.271°
52°20′11″N	52.33646826	4°47′22″E	4.78957981	36.7115	321.658°
51°32′45″N	51.54592096	4°17′29″E	4.29139242	82.3803	224.4°
51°12′30″N	51.20822852	5°13′40″E	5.22766628	97.0095	175.758°
52°12′49″N	52.21361893	4°33′22″E	4.55604126	41.6376	291.454°
51°27′58″N	51.46613537	5°55′48″E	5.92994115	87.7725	140.528°
52°15′49″N	52.26360023	5°07′22″E	5.12288688	20.6366	359.661°
52°44′23″N	52.73962137	5°22′49″E	5.38028532	75.5984	13.161°
52°14′59″N	52.24965236	5°20′24″E	5.3400777	24.0873	37.512°
51°25′10″N	51.419319	4°29′46″E	4.49610971	85.0993	210.82°
52°29′10″N	52.48610008	4°31′27″E	4.52421569	61.0665	318.241°
51°48′22″N	51.80616002	6°17′39″E	6.29422099	85.7031	110.202°
51°31′36″N	51.52660145	4°24′03″E	4.40072736	79.0033	219.354°
52°21′15″N	52.35404148	5°16′17″E	5.27128582	32.2806	17.971°
51°42′16″N	51.70433321	3°50′37″E	3.84348629	97.2738	245.207°
52°29′30″N	52.49153855	6°14′05″E	6.23461502	88.4205	58.222°
52°04′02″N	52.06715346	4°27′16″E	4.45453782	45.8313	268.747°
52°30′28″N	52.5079035	4°46′23″E	4.77293878	53.4629	333.551°
52°11′21″N	52.18907229	6°24′57″E	6.41573969	89.004	81.517°
51°29′26″N	51.49057179	5°07′33″E	5.12576569	65.3448	179.934°
51°27′57″N	51.46587658	4°50′06″E	4.83504115	70.9495	196.432°
51°45′25″N	51.75697062	3°48′56″E	3.81560661	96.6466	248.83°
52°02′50″N	52.04725517	3°49′38″E	3.82733744	88.7797	268.3°
51°20′42″N	51.34493316	4°29′02″E	4.48393244	92.7321	208.689°
52°08′44″N	52.14555606	6°16′20″E	6.27217824	78.7394	84.077°
51°37′06″N	51.61823891	4°22′42″E	4.37823904	72.4302	225.374°
52°09′31″N	52.15872121	4°54′59″E	4.91636149	16.8196	302.315°
51°19′44″N	51.32896233	4°25′03″E	4.41750789	96.5306	210.607°
52°14′25″N	52.24038801	3°50′04″E	3.83433422	89.8761	282.097°
51°59′34″N	51.99271167	3°44′04″E	3.73435353	95.6022	264.849°
51°30′44″N	51.51222008	4°37′24″E	4.62321123	71.7705	208.925°
51°44′08″N	51.73549328	6°11′01″E	6.18350651	82.0407	117.256°
52°27′23″N	52.45635504	4°32′52″E	4.5476731	57.558	317.199°
51°21′03″N	51.35095499	4°47′25″E	4.79022944	84.0938	196.038°
51°53′06″N	51.88510083	6°00′05″E	6.00149811	63.786	109.317°
52°35′07″N	52.58540481	5°26′33″E	5.44249515	60.4226	20.822°
52°41′23″N	52.68962772	5°26′55″E	5.44858766	71.4876	17.787°
51°51′34″N	51.85956652	5°55′32″E	5.92553569	60.0189	113.57°
52°00′33″N	52.00905451	4°55′36″E	4.92671458	15.5671	240.535°
52°37′59″N	52.63342027	4°43′50″E	4.7305615	67.3225	336.722°
52°11′41″N	52.19471063	5°12′07″E	5.20207081	14.0085	22.127°
52°45′02″N	52.7505017	5°12′32″E	5.20894041	75.0106	4.337°
52°36′37″N	52.61029337	4°34′04″E	4.5679093	70.2539	327.638°
52°00′56″N	52.01555151	3°55′43″E	3.92858902	82.114	265.614°
51°55′07″N	51.91852468	6°03′20″E	6.05548795	66.1654	105.19°
52°18′55″N	52.31521687	4°27′08″E	4.45212458	52.8979	300.176°
51°26′19″N	51.43850452	5°49′57″E	5.83254087	86.2275	145.307°
52°30′45″N	52.51243926	4°20′37″E	4.34352235	71.8178	312.586°
52°18′06″N	52.30166506	6°31′54″E	6.53173683	99.112	74.913°
52°35′48″N	52.59669458	4°11′42″E	4.19507908	85.5487	312.766°
52°00′44″N	52.01219543	6°16′38″E	6.27728205	79.1867	94.854°
52°39′52″N	52.66432352	5°45′15″E	5.754301	77.9743	33.004°
51°29′17″N	51.4879778	5°03′50″E	5.06398872	65.766	183.665°
51°21′19″N	51.35524323	5°16′28″E	5.27453571	81.0573	172.622°
52°04′35″N	52.07627008	5°49′59″E	5.83319201	48.4338	89.957°
52°08′32″N	52.14209354	5°54′07″E	5.90194281	53.5694	82.054°
51°23′49″N	51.39697873	4°31′31″E	4.5252199	86.2759	208.828°
52°23′58″N	52.39939321	4°02′51″E	4.04749949	81.6098	296.397°
52°25′18″N	52.42157995	3°48′38″E	3.81046717	97.3045	293.638°
52°13′21″N	52.22241478	3°54′52″E	3.91440166	84.1436	281.477°
52°48′32″N	52.80878579	5°33′54″E	5.56492109	86.582	19.991°
52°11′47″N	52.196437	5°54′24″E	5.90667718	54.9842	75.838°
52°05′34″N	52.09284015	3°55′05″E	3.91812696	82.4797	271.617°
51°50′16″N	51.83789016	5°15′40″E	5.26097675	28.3002	160.671°
52°31′51″N	52.53077845	5°11′48″E	5.19655294	50.5902	5.516°
51°27′24″N	51.45666702	5°49′23″E	5.82311253	84.1907	144.904°
51°49′37″N	51.82698489	4°54′46″E	4.9128867	31.4753	207.552°
51°37′46″N	51.62943515	6°07′43″E	6.12872593	85.1344	125.486°
52°15′13″N	52.25372667	5°07′27″E	5.1240413	19.5381	359.872°
52°36′21″N	52.60578611	4°02′14″E	4.03717849	94.372	308.889°
52°23′59″N	52.39976696	3°51′19″E	3.85534499	93.5669	292.984°
52°04′09″N	52.06917455	3°55′55″E	3.93206908	81.5381	269.775°
52°08′46″N	52.14602276	5°12′05″E	5.20150368	9.2015	34.74°
51°14′36″N	51.2433248	5°14′36″E	5.2433334	93.2053	174.914°
52°11′43″N	52.19540405	3°53′36″E	3.89323676	85.0746	279.31°
52°28′02″N	52.46733824	5°35′23″E	5.58982094	53.636	35.989°
51°29′06″N	51.48509938	5°22′43″E	5.37874205	68.231	165.054°
51°22′26″N	51.3738061	5°54′51″E	5.91409304	95.3608	144.917°
52°13′11″N	52.21967627	4°28′44″E	4.47885713	46.8068	289.919°
51°45′59″N	51.76671945	6°22′23″E	6.3730796	92.371	111.526°
52°25′47″N	52.42971676	4°00′31″E	4.00849628	85.4723	297.673°
51°51′36″N	51.86007596	4°34′07″E	4.56859558	45.1654	237.751°
51°50′42″N	51.84510021	4°21′20″E	4.35568925	58.729	244.122°
52°19′03″N	52.31742536	5°06′46″E	5.11289082	26.6352	358.275°
52°32′15″N	52.53752791	4°53′21″E	4.88927548	53.553	342.699°
52°54′34″N	52.90938867	5°18′47″E	5.31319398	93.342	7.786°
51°54′21″N	51.90590218	6°20′36″E	6.34332818	85.6325	102.441°
51°43′34″N	51.72607042	4°32′49″E	4.54702504	55.7167	225.585°
51°32′49″N	51.54680922	4°16′15″E	4.27086851	83.2976	225.152°
51°44′18″N	51.73824438	6°03′26″E	6.05710509	74.3108	120.205°
51°57′46″N	51.96276467	4°13′58″E	4.23270398	62.3847	258.489°
52°16′47″N	52.27978723	5°41′17″E	5.688024	44.4932	59.495°
52°00′24″N	52.00667512	5°35′42″E	5.59511978	33.1491	103.674°
52°43′25″N	52.7236455	5°27′37″E	5.46037216	75.3323	17.469°
52°38′05″N	52.63468643	5°01′50″E	5.03045254	62.2408	354.134°
51°13′59″N	51.23319343	5°35′25″E	5.59021969	99.3104	160.945°
51°14′25″N	51.24041411	5°23′19″E	5.38869424	94.9329	168.833°
52°41′50″N	52.6972293	5°56′54″E	5.94822687	88.7008	38.743°
52°25′35″N	52.42641192	5°52′34″E	5.87605876	64.1771	52.567°
51°48′35″N	51.80981836	5°04′08″E	5.06879585	30.0812	187.34°
52°56′08″N	52.93553182	4°45′08″E	4.75220936	98.6496	345.338°
51°33′44″N	51.5621437	5°23′11″E	5.38639029	60.1388	162.488°
52°06′43″N	52.11194268	5°06′46″E	5.11270185	3.8559	347.748°
52°26′54″N	52.44821072	4°18′15″E	4.30403326	69.3958	306.712°
52°04′37″N	52.07707452	6°12′26″E	6.20728387	74.0051	89.658°
52°35′14″N	52.58733698	4°52′16″E	4.87115024	59.2073	343.18°
51°55′59″N	51.93335752	5°54′19″E	5.90524632	55.8153	106.452°
51°58′27″N	51.97415378	6°04′20″E	6.07230025	65.8743	99.731°
51°46′01″N	51.76682465	5°21′38″E	5.36043051	38.2091	154.868°
52°00′59″N	52.01666241	5°01′26″E	5.02394409	9.702	225.295°
52°07′17″N	52.12136341	5°36′42″E	5.61173158	33.6244	81.573°
52°40′49″N	52.68031533	4°08′08″E	4.13560284	94.8501	315.319°
51°25′52″N	51.43120594	5°05′56″E	5.09897743	71.9696	181.419°
52°40′43″N	52.6786018	5°07′15″E	5.12095299	66.7958	359.784°
52°33′34″N	52.55936501	4°33′36″E	4.56001097	65.8759	324.577°
52°36′41″N	52.61152456	6°07′37″E	6.12693469	90.3229	48.54°
52°51′44″N	52.86222813	5°39′22″E	5.65605029	94.3576	22.22°
51°27′48″N	51.46332743	5°21′15″E	5.35413839	70.1752	166.904°
52°14′21″N	52.23915591	4°41′42″E	4.69507348	34.3562	301.604°
52°02′40″N	52.04432125	5°47′46″E	5.79603718	46.0631	94.409°
52°05′29″N	52.09131622	4°16′44″E	4.27881398	57.8319	271.794°
51°49′24″N	51.82338413	3°55′25″E	3.9236013	87.0731	251.488°
51°24′41″N	51.41150058	5°13′42″E	5.22835136	74.4825	174.459°
52°49′38″N	52.82708523	4°20′58″E	4.3493703	98.4999	328.063°
52°32′35″N	52.54293852	6°21′25″E	6.35689385	98.4597	57.836°
52°06′05″N	52.10142726	3°45′56″E	3.76546176	92.9245	272.138°
51°32′56″N	51.54901737	4°02′45″E	4.04583239	94.687	232.003°
51°35′42″N	51.59490707	4°06′03″E	4.10089143	88.536	233.032°
52°19′03″N	52.31745489	5°58′22″E	5.97275642	63.6533	64.938°
51°55′10″N	51.91942487	5°32′47″E	5.54635572	33.8404	121.261°
52°02′49″N	52.04699011	3°46′32″E	3.77564735	92.3131	268.386°
52°15′31″N	52.25857235	3°55′14″E	3.92042737	84.5707	284.208°
51°54′31″N	51.90873601	4°06′41″E	4.11139478	71.9074	255.216°
51°49′36″N	51.82663531	4°35′57″E	4.59919428	45.6035	232.383°
52°33′50″N	52.56378168	4°28′48″E	4.47987067	69.5723	321.197°
52°43′10″N	52.71932946	4°32′38″E	4.5440099	81.4873	331.309°
52°53′30″N	52.89174181	5°23′05″E	5.3848158	92.2012	10.914°
52°17′07″N	52.28541059	5°05′59″E	5.09999564	23.1235	355.835°
51°51′51″N	51.86410689	4°07′08″E	4.11875481	72.9199	251.349°
51°49′51″N	51.83090113	5°03′12″E	5.05339138	27.9222	190.107°
51°41′10″N	51.6861866	4°47′17″E	4.78797474	49.3382	208.073°
52°01′03″N	52.01761379	3°43′09″E	3.71921841	96.3733	266.554°
51°40′33″N	51.6757052	4°25′25″E	4.42372852	65.7222	227.359°
52°41′09″N	52.68574781	4°40′14″E	4.67064287	74.2872	335.664°
51°22′56″N	51.38223655	5°52′10″E	5.86944405	92.8551	146.166°
52°25′57″N	52.43240202	4°54′23″E	4.90626631	42.1238	339.413°
51°24′05″N	51.40126272	5°01′50″E	5.03061516	75.5566	184.956°
52°41′01″N	52.68352139	4°25′17″E	4.42129687	82.5557	324.936°
52°51′58″N	52.8660675	5°25′00″E	5.41679556	89.8531	12.609°
52°08′40″N	52.14450431	4°15′46″E	4.26278348	59.3355	277.494°
52°12′54″N	52.21495709	3°54′22″E	3.90615318	84.5498	280.855°
52°11′17″N	52.18818349	3°50′37″E	3.8435694	88.3187	278.477°
51°44′29″N	51.74130608	5°10′59″E	5.18302288	37.6699	173.877°
51°46′30″N	51.77508316	6°29′05″E	6.48468839	99.1816	109.327°
51°56′56″N	51.94878738	6°09′49″E	6.16360438	72.5601	101.02°
51°45′13″N	51.75348116	3°58′00″E	3.96678366	87.2568	246.016°
52°26′58″N	52.44938599	4°57′55″E	4.96514644	42.7045	345.33°
52°18′12″N	52.30331167	4°31′38″E	4.52710422	47.8319	301.822°
51°30′40″N	51.51097248	4°11′04″E	4.18450423	90.34	226.088°
51°22′25″N	51.37373665	5°44′14″E	5.73729976	88.9857	151.445°
52°06′00″N	52.1000231	6°26′11″E	6.43643935	89.6795	87.922°
52°04′18″N	52.07180364	5°15′59″E	5.26646257	9.7176	94.054°
51°56′03″N	51.93410057	5°38′42″E	5.64494859	39.0553	114°
52°43′22″N	52.72269781	4°45′26″E	4.75712192	75.9147	340.963°
52°32′40″N	52.54451871	5°39′06″E	5.65160634	63.052	34.422°
51°54′46″N	51.91284219	6°21′22″E	6.35602141	86.306	101.808°
51°37′18″N	51.62169338	5°23′54″E	5.39820446	54.1277	159.576°
51°22′00″N	51.36678992	5°06′26″E	5.10730284	79.1217	180.874°
51°37′08″N	51.61879261	5°15′55″E	5.26534239	51.9895	169.231°
52°07′09″N	52.11904776	5°48′43″E	5.81192168	47.1775	84.184°
52°00′13″N	52.00355618	4°35′59″E	4.59963039	36.865	257.216°
52°41′32″N	52.69220096	4°19′41″E	4.3279602	87.1274	321.942°
52°35′47″N	52.59641602	5°33′23″E	5.55643286	64.691	26.802°
52°11′14″N	52.18716072	6°23′07″E	6.38532905	86.9203	81.478°
51°48′42″N	51.81170128	5°16′47″E	5.27985073	31.479	160.186°
52°29′09″N	52.48580603	4°22′24″E	4.37341889	68.3369	311.875°
51°22′42″N	51.37844855	4°35′19″E	4.58848867	86.1379	205.605°
52°18′18″N	52.30512619	4°09′21″E	4.15588071	70.7194	291.305°
51°35′00″N	51.58330821	4°24′04″E	4.40115644	74.1722	222.39°
52°34′43″N	52.57866116	5°18′08″E	5.30215343	56.9712	12.155°
52°27′07″N	52.45190993	5°33′38″E	5.56057776	51.0825	35.339°
52°14′46″N	52.24610855	5°38′14″E	5.63727013	39.6547	61.677°
52°56′23″N	52.93982723	5°23′07″E	5.3851516	97.4587	10.321°
51°48′42″N	51.81174447	6°28′21″E	6.47249062	97.0384	107.242°
52°55′43″N	52.92869509	4°39′50″E	4.66384073	99.6238	341.931°
51°15′05″N	51.25135637	5°26′40″E	5.44457946	94.563	166.378°
51°19′57″N	51.33237486	5°43′24″E	5.72324457	92.6346	153.317°
52°15′57″N	52.26572672	5°37′58″E	5.63266557	40.4527	58.737°
52°34′03″N	52.56737585	5°29′04″E	5.48443646	59.6667	24.056°
52°56′48″N	52.94666461	5°07′30″E	5.12491637	96.611	0.009°
52°21′32″N	52.35877928	4°36′39″E	4.6108951	46.9106	311.929°
52°04′34″N	52.07620363	3°42′25″E	3.70683883	96.9219	270.437°
52°41′01″N	52.6836971	5°37′51″E	5.63092998	75.6237	26.832°
51°31′21″N	51.52255755	5°05′26″E	5.09063006	61.8315	182.184°
51°30′37″N	51.51036293	5°18′06″E	5.30180449	64.3083	169.008°
51°33′38″N	51.56048496	6°10′40″E	6.17776186	92.4992	128.074°
51°28′46″N	51.47957864	4°53′31″E	4.89199351	68.4662	193.617°
52°21′53″N	52.3647174	6°22′58″E	6.38271215	91.4563	69.101°
52°18′07″N	52.30185855	5°57′40″E	5.96109432	62.2271	66.091°
51°46′14″N	51.7706033	3°52′56″E	3.88231804	91.8222	248.624°
51°35′51″N	51.59755005	6°10′03″E	6.1674621	89.399	126.304°
52°11′15″N	52.18740861	5°35′42″E	5.594909	34.3309	69.067°
51°44′06″N	51.73498006	4°09′20″E	4.15552683	76.6736	240.535°
52°15′19″N	52.25536696	4°13′20″E	4.22219467	64.6504	288.116°
52°37′19″N	52.62189873	5°36′14″E	5.60382122	68.6915	28.099°
52°12′44″N	52.21226614	4°09′52″E	4.16457202	67.2106	283.21°
51°24′44″N	51.41216171	5°13′34″E	5.22604893	74.3943	174.576°
51°34′52″N	51.58100682	5°33′22″E	5.55624901	62.7418	151.613°
52°19′23″N	52.32300179	3°43′49″E	3.73024345	98.8846	286.542°
52°22′56″N	52.38224698	4°37′33″E	4.62579047	47.9558	315.067°
51°54′45″N	51.91255674	3°53′21″E	3.88915185	86.5933	258.213°
51°48′53″N	51.81482365	4°48′24″E	4.8065326	36.511	216.81°
51°49′13″N	51.82015581	6°16′47″E	6.27979643	84.2241	109.457°
52°48′46″N	52.81276556	5°17′49″E	5.29695702	82.5482	8.066°
51°54′39″N	51.910725	4°06′59″E	4.11678858	71.4915	255.307°
52°07′59″N	52.13328237	6°14′35″E	6.24311314	76.6524	84.963°
52°20′33″N	52.34256128	4°11′00″E	4.18345282	70.5732	295.007°
52°26′39″N	52.44417371	3°52′01″E	3.86702638	94.8067	295.933°
52°45′01″N	52.75015952	4°37′51″E	4.6307674	81.9204	336.051°
51°42′49″N	51.7136729	4°53′20″E	4.88901159	43.6387	201.85°
52°27′59″N	52.46646988	6°02′01″E	6.03361024	75.4526	54.713°
52°20′25″N	52.34040603	3°51′26″E	3.85714475	91.1849	289.163°
51°41′14″N	51.68727402	6°21′59″E	6.36628117	95.6851	116.528°
52°45′01″N	52.75018368	4°23′07″E	4.38514872	90.0313	326.426°
52°01′09″N	52.01914832	6°33′29″E	6.5581793	98.2732	93.258°
51°57′52″N	51.96455614	5°26′26″E	5.4405413	25.0356	120.16°
52°46′50″N	52.78063796	4°20′44″E	4.34565916	94.3271	326.246°
51°19′22″N	51.32290048	5°40′45″E	5.67927665	92.285	155.309°
51°54′51″N	51.91413846	6°01′53″E	6.03143599	64.7189	106.006°
51°37′07″N	51.61866335	5°39′00″E	5.64998873	62.5594	144.557°
51°52′08″N	51.86879266	4°29′35″E	4.49299148	49.1441	241.978°
51°38′58″N	51.64947141	5°24′26″E	5.40731794	51.4722	157.731°
51°53′38″N	51.89378941	5°05′31″E	5.09196949	20.6185	186.252°
52°25′09″N	52.41910914	3°51′50″E	3.86376533	93.8684	294.332°
52°18′03″N	52.30078682	5°04′48″E	5.0798824	24.96	352.988°
52°31′15″N	52.52072869	4°29′52″E	4.49776344	65.1341	319.352°
51°51′09″N	51.85238766	5°17′30″E	5.29168062	27.5873	155.424°
51°27′57″N	51.46572104	5°56′34″E	5.94268397	88.3646	140.1°
51°43′08″N	51.71898978	4°04′23″E	4.07315927	82.4819	241.454°
52°28′06″N	52.46846398	6°05′33″E	6.09251502	78.8934	56.224°
52°03′12″N	52.05335727	4°00′17″E	4.00467457	76.6314	268.387°
51°15′53″N	51.26478285	4°33′59″E	4.56648417	98.3114	203.277°
52°50′04″N	52.83433446	5°21′59″E	5.36629254	85.696	10.921°
52°23′24″N	52.38992342	6°05′11″E	6.08650348	74.1332	61.723°
52°40′38″N	52.67708565	5°33′18″E	5.55499347	72.7512	23.509°
52°17′28″N	52.29123449	4°52′37″E	4.8768175	29.1182	324.612°
52°31′11″N	52.51967829	5°34′14″E	5.57066453	57.7312	31.523°
51°55′38″N	51.92732146	3°49′00″E	3.81658162	91.1247	259.913°
52°37′05″N	52.61816741	3°59′40″E	3.9944591	97.4957	308.482°
52°25′33″N	52.42590187	5°00′23″E	5.00637021	39.5183	348.284°
52°26′44″N	52.44546419	4°38′29″E	4.64143262	52.4608	321.355°
51°32′05″N	51.53460678	5°00′08″E	5.00219671	61.0311	187.982°
51°37′43″N	51.62857875	6°15′33″E	6.25927966	92.6026	122.228°
52°20′22″N	52.33940614	5°43′39″E	5.72755694	50.3326	54.486°
52°34′28″N	52.5745741	5°45′36″E	5.76009011	70.1097	37.779°
51°35′17″N	51.58792923	4°06′47″E	4.1129917	88.3576	232.302°
51°35′33″N	51.59241867	5°19′08″E	5.31879271	55.6398	166.05°
52°05′02″N	52.08399902	5°02′32″E	5.04209555	5.6835	276.7°
52°13′43″N	52.22868156	4°31′59″E	4.5329758	43.7167	292.766°
52°46′06″N	52.76821749	4°32′13″E	4.53697819	86.4956	332.79°
51°19′07″N	51.31863735	4°59′54″E	4.99823563	84.917	185.942°
51°22′57″N	51.38248887	5°30′32″E	5.5088325	81.7671	160.965°
51°12′59″N	51.21633195	4°53′53″E	4.89810521	97.1146	189.355°
51°58′34″N	51.97616018	5°12′28″E	5.20782944	12.6828	153.309°
52°15′59″N	52.26648096	4°23′53″E	4.39803848	53.8149	293.205°
51°43′49″N	51.73034342	6°25′31″E	6.42519372	97.2647	112.917°
51°57′35″N	51.95962826	4°20′12″E	4.33670744	55.5211	256.585°
52°27′03″N	52.45071634	4°21′06″E	4.35153313	66.9913	308.527°
51°27′57″N	51.46586008	5°52′43″E	5.87866719	85.6126	142.392°
51°13′32″N	51.22553986	4°56′08″E	4.93550848	95.7176	187.913°
52°24′38″N	52.41043919	5°24′58″E	5.41615097	41.9607	28.118°
52°16′52″N	52.28120477	4°37′12″E	4.62005724	41.1704	303.484°
52°02′14″N	52.03711221	4°59′47″E	4.99638913	9.8858	242.613°
52°28′59″N	52.48301158	4°08′41″E	4.14478036	80.4656	304.425°
51°35′22″N	51.58948914	4°36′55″E	4.61528181	64.6444	212.993°
51°36′07″N	51.60191625	4°04′47″E	4.07974096	89.2261	234.003°
52°11′03″N	52.18411248	5°51′45″E	5.8624804	51.737	76.531°
51°37′04″N	51.61784639	6°01′27″E	6.02412211	80.246	129.28°
51°45′05″N	51.75137722	4°51′58″E	4.86597457	40.4397	206.136°
51°52′21″N	51.8726175	3°58′01″E	3.96695204	82.5472	254.386°
52°09′06″N	52.15171527	4°20′42″E	4.34507776	53.8745	279.053°
52°20′28″N	52.34122597	6°26′09″E	6.43591137	94.0386	71.348°
52°31′54″N	52.53159123	5°28′19″E	5.47184598	55.696	24.945°
51°41′33″N	51.69249077	5°07′06″E	5.11834055	42.8883	180.584°
52°01′08″N	52.019005	6°12′22″E	6.20609139	74.2626	94.648°
52°37′59″N	52.63327529	6°05′59″E	6.10012747	90.5772	46.632°
51°19′09″N	51.31904226	5°29′11″E	5.48640953	88.029	163.402°
51°23′58″N	51.39945251	5°10′48″E	5.18001001	75.5758	177.088°
52°02′59″N	52.04976286	3°56′33″E	3.9424913	80.8984	268.236°
52°41′52″N	52.69767316	5°42′22″E	5.70621932	79.4216	29.575°
52°33′43″N	52.56204697	5°50′50″E	5.84710595	72.8701	42.092°
52°19′58″N	52.33269597	5°40′14″E	5.67066764	46.7668	52.513°
52°25′37″N	52.42691023	5°13′46″E	5.22950992	39.4517	10.382°
52°52′59″N	52.88339891	5°34′47″E	5.57985158	94.7319	18.814°
51°13′42″N	51.22833712	5°21′49″E	5.36348368	95.9379	170.016°
51°29′45″N	51.49580993	4°56′48″E	4.9466845	65.9099	190.778°
51°55′43″N	51.928576	3°43′42″E	3.72835236	97.0437	260.685°
52°02′54″N	52.04822457	3°49′51″E	3.83093432	88.5289	268.362°
51°51′59″N	51.86632519	4°04′22″E	4.07276142	75.8271	252.32°
51°15′46″N	51.26278067	5°16′22″E	5.27275389	91.2545	173.515°
51°22′11″N	51.36970128	5°02′02″E	5.03389448	79.0367	184.575°
52°26′08″N	52.43545679	5°16′40″E	5.27770345	41.0938	14.626°
51°59′15″N	51.98740046	4°15′16″E	4.25434751	60.4023	260.733°
51°56′17″N	51.93792703	5°13′49″E	5.23026205	17.1817	155.078°
51°43′54″N	51.73174516	6°21′37″E	6.36039005	93.1355	113.943°
52°28′12″N	52.47000203	6°14′32″E	6.24216997	87.6603	59.738°
52°06′59″N	52.11644423	4°02′29″E	4.04143152	74.1395	273.728°
52°06′30″N	52.10825417	4°46′49″E	4.78013925	23.7825	278.252°
51°54′40″N	51.91101758	5°06′07″E	5.10191066	18.6455	184.807°
52°31′15″N	52.52074332	4°22′22″E	4.37285581	70.9883	314.212°
51°27′21″N	51.45592862	4°50′40″E	4.84451151	71.8349	195.683°
52°44′32″N	52.74231482	4°42′10″E	4.70275286	79.2338	338.987°
51°47′51″N	51.79749895	5°10′41″E	5.17803037	31.4201	173.293°
52°17′57″N	52.2990695	5°09′31″E	5.15849212	24.6893	5.345°
51°46′28″N	51.77442481	5°43′41″E	5.72791878	53.4095	128.985°
51°31′58″N	51.53291385	4°32′16″E	4.53786637	72.8377	213.878°
51°55′01″N	51.91696113	4°52′56″E	4.88220294	24.4301	222.916°
51°33′43″N	51.56196354	4°34′26″E	4.57377237	68.7736	213.634°
51°34′33″N	51.57572609	6°11′34″E	6.19267319	92.2576	126.852°
51°29′25″N	51.49019372	5°37′05″E	5.61793051	73.6699	152.374°
52°29′36″N	52.49325451	5°07′41″E	5.12805938	46.1804	0.284°
51°23′59″N	51.39995168	5°27′30″E	5.4583145	78.8468	162.924°
52°29′27″N	52.49096653	5°02′58″E	5.04942116	46.21	353.667°
51°38′39″N	51.64423444	3°58′49″E	3.98022809	92.2389	238.909°
52°21′04″N	52.3511008	4°13′45″E	4.22909305	68.1707	296.807°
51°44′39″N	51.74404468	5°06′54″E	5.1150975	37.1578	181.018°
52°24′11″N	52.40313373	4°25′13″E	4.42039672	60.0679	307.285°
52°32′49″N	52.54706155	6°15′09″E	6.25246238	92.7459	55.33°
51°57′19″N	51.95530866	3°57′56″E	3.96546985	80.5158	260.694°
52°43′46″N	52.72942255	4°47′10″E	4.78606633	76.0043	342.537°
52°21′46″N	52.36281843	6°12′08″E	6.20235722	79.9708	66.244°
52°11′31″N	52.19193185	5°13′42″E	5.22820078	14.5034	29.122°
51°25′46″N	51.42939546	4°28′51″E	4.48079253	84.6811	211.823°
51°35′42″N	51.59502201	6°18′24″E	6.30667023	97.393	123.014°
51°40′30″N	51.67491738	4°07′02″E	4.11715834	82.4427	237.448°
51°22′04″N	51.36787386	5°52′49″E	5.88038144	94.6077	146.312°
51°31′15″N	51.52084649	6°07′48″E	6.13005644	92.861	131.472°
52°05′31″N	52.09196678	3°49′11″E	3.819708	89.204	271.508°
52°33′10″N	52.55269564	5°51′11″E	5.85302992	72.3837	42.883°
51°36′25″N	51.6070143	6°19′21″E	6.32239498	97.5643	122.008°
52°22′35″N	52.37648511	3°45′22″E	3.7560013	98.9769	290.134°
52°12′26″N	52.20733971	6°22′12″E	6.36998047	86.2096	79.908°
52°38′18″N	52.63843911	4°02′24″E	4.04009156	96.5006	310.66°
52°34′02″N	52.56712319	4°32′59″E	4.55006969	66.969	324.543°
52°03′30″N	52.05824531	6°09′18″E	6.15500011	70.4803	91.386°
51°40′59″N	51.68312998	4°01′11″E	4.01960438	87.6718	240.367°
52°19′12″N	52.32009552	4°28′04″E	4.46771813	52.2545	301.268°
52°55′44″N	52.92895266	5°10′13″E	5.17029794	94.6913	1.851°
51°29′06″N	51.48487346	5°39′05″E	5.65137681	75.2771	151.012°
52°36′54″N	52.6149335	4°05′36″E	4.09325503	92.07	310.84°
51°41′25″N	51.69025695	4°22′40″E	4.37785476	67.0034	230.221°
52°34′12″N	52.5699041	5°41′07″E	5.68514885	66.6657	34.635°
52°40′33″N	52.67579275	5°30′08″E	5.50236087	71.2571	20.944°
52°43′12″N	52.72007939	5°31′32″E	5.52564015	76.4174	20.701°
52°30′32″N	52.50901293	4°35′22″E	4.58938569	60.1959	322.987°
52°06′31″N	52.10862326	3°53′50″E	3.89711456	83.9534	272.804°
51°33′47″N	51.56305918	4°00′59″E	4.01662067	95.3127	233.496°
51°21′45″N	51.36247534	5°13′18″E	5.22160593	79.8722	175.165°
51°17′26″N	51.29046566	5°02′40″E	5.04439766	87.7766	183.648°
51°43′49″N	51.73015768	4°43′34″E	4.72601073	47.3909	215.417°
51°28′23″N	51.47292195	4°32′02″E	4.53393345	78.6329	211.365°
51°49′48″N	51.82986416	6°20′42″E	6.34493069	88.0825	107.784°
52°55′57″N	52.93242961	4°56′25″E	4.94032017	95.8438	352.59°
52°34′50″N	52.58052679	6°06′17″E	6.1046712	86.9503	49.617°
51°38′31″N	51.64192415	4°15′42″E	4.26174696	76.5951	231.044°
52°24′29″N	52.40817949	5°53′49″E	5.8969231	64.1419	54.775°
52°52′01″N	52.86682883	5°12′56″E	5.21544375	87.9464	3.974°
52°40′10″N	52.66933137	6°09′06″E	6.15165249	95.8526	46.273°
51°46′04″N	51.76775693	5°36′54″E	5.61489377	48.1868	135.554°
51°23′02″N	51.38375742	5°20′08″E	5.33568435	78.5814	169.257°
52°24′43″N	52.41194631	5°35′01″E	5.58354336	48.5347	39.899°
52°26′22″N	52.43944374	5°05′39″E	5.09415871	40.2484	357.053°
52°18′11″N	52.30308772	5°10′21″E	5.17236677	25.2387	7.383°
52°18′53″N	52.31474667	3°43′54″E	3.73176937	98.5439	286.043°
52°00′56″N	52.01569303	6°00′37″E	6.01036533	60.9816	96.183°
52°54′33″N	52.90926697	5°38′10″E	5.63600414	98.7226	20.33°
51°54′50″N	51.91375022	6°32′18″E	6.53840748	98.5259	100.132°
52°40′42″N	52.67838737	4°27′07″E	4.45185452	80.9029	325.887°
52°26′31″N	52.44182513	4°40′57″E	4.68253368	50.4285	323.526°
52°01′34″N	52.02604555	4°48′17″E	4.80476868	22.6334	255.315°
51°53′38″N	51.89402259	4°38′20″E	4.63876112	39.0759	238.6°
51°23′25″N	51.39033198	5°42′00″E	5.70009996	86.1529	152.382°
52°09′20″N	52.15544267	6°05′04″E	6.08445429	66.1136	82.142°
52°50′56″N	52.84878257	5°03′45″E	5.0623788	85.8278	357.205°
52°49′49″N	52.83030478	4°53′04″E	4.88432228	85.24	349.077°
51°45′17″N	51.75462605	4°15′36″E	4.25988173	69.3842	239.11°
52°40′26″N	52.6739461	4°14′39″E	4.24422494	89.2558	318.297°
51°39′10″N	51.65288203	5°15′48″E	5.26334373	48.2411	168.559°
52°34′29″N	52.57476512	4°59′55″E	4.99854998	55.9074	351.228°
51°22′37″N	51.37680985	4°14′06″E	4.23494362	99.2007	218.513°
52°38′45″N	52.64575754	4°06′19″E	4.10536217	93.7022	312.768°
52°37′55″N	52.63197633	4°17′59″E	4.29966789	83.2867	318.033°
51°22′38″N	51.37721772	4°45′31″E	4.75847943	81.9334	198.078°
51°42′43″N	51.71181371	5°51′10″E	5.85290021	64.481	128.893°
52°14′10″N	52.23620627	5°54′58″E	5.91623239	56.8047	71.65°
51°38′22″N	51.63933251	6°16′54″E	6.2816166	93.2585	121.095°
52°04′33″N	52.07583989	5°50′19″E	5.83869726	48.8106	90.009°
51°35′33″N	51.59244759	4°41′21″E	4.68925069	61.7499	209.161°
51°51′52″N	51.86444518	4°43′42″E	4.72820012	36.0918	228.984°
51°26′07″N	51.43514408	5°02′01″E	5.03363502	71.784	185.045°
51°13′45″N	51.22919334	5°14′15″E	5.23758446	94.7378	175.238°
52°11′02″N	52.18390195	5°21′28″E	5.35781703	19.7978	53.424°
51°58′00″N	51.96654439	4°05′17″E	4.08799202	72.0302	260.493°
52°10′57″N	52.18256538	4°45′42″E	4.76167016	27.3756	295.267°
52°47′11″N	52.78646531	5°56′33″E	5.94238759	96.3482	34.814°
51°18′39″N	51.31091955	5°15′38″E	5.26051506	85.8392	173.683°
52°24′26″N	52.40724545	5°52′06″E	5.8682802	62.4919	53.841°
52°42′25″N	52.70704458	4°40′45″E	4.67920455	76.2133	336.802°
51°53′38″N	51.8938709	6°03′49″E	6.0637133	67.5063	107.297°
52°49′34″N	52.82620169	5°12′38″E	5.21043403	83.4151	3.962°
52°29′54″N	52.49824338	4°13′07″E	4.21847958	77.3644	307.52°
52°31′09″N	52.51927905	4°51′43″E	4.86197229	52.2265	340.096°
51°36′24″N	51.60679245	5°12′38″E	5.21054989	52.7491	173.543°
51°29′39″N	51.49424491	4°36′16″E	4.60440846	74.149	209.071°
51°31′26″N	51.52386561	5°57′37″E	5.96030338	84.279	136.674°
52°40′25″N	52.67349861	4°40′30″E	4.67492562	72.9294	335.422°
52°40′14″N	52.67056764	4°04′06″E	4.06828248	97.4081	312.991°
52°15′26″N	52.25728966	5°56′39″E	5.94409762	59.3489	70.051°
52°10′22″N	52.17270747	5°37′24″E	5.62341103	35.6458	72.627°
51°59′18″N	51.9884312	5°56′45″E	5.94582221	57.0654	99.738°
51°45′47″N	51.76310504	5°03′30″E	5.05828452	35.3268	187.434°
51°39′39″N	51.6607395	4°46′34″E	4.77615533	52.2256	207.416°
52°42′50″N	52.71389984	5°22′14″E	5.3706361	72.6647	13.184°
51°23′05″N	51.38468575	5°30′02″E	5.50062418	81.354	161.29°
52°52′56″N	52.88211766	4°53′36″E	4.89334716	90.7941	350.153°
52°41′05″N	52.68474324	4°30′59″E	4.51680023	79.0981	328.79°
52°10′47″N	52.17976056	5°42′41″E	5.71148264	41.6329	74.004°
52°47′51″N	52.79759819	4°44′37″E	4.74360033	84.0986	342.257°
52°44′56″N	52.74888965	5°37′05″E	5.6181018	81.7781	23.968°
51°55′46″N	51.92936168	5°20′04″E	5.33438802	21.9032	138.954°
52°51′16″N	52.85432926	5°07′25″E	5.12373657	86.3409	359.958°
51°40′37″N	51.67690763	5°30′34″E	5.50947127	51.8553	149.216°
52°07′13″N	52.12026176	5°13′15″E	5.22081421	8.0728	54.415°
52°05′55″N	52.09871987	4°03′21″E	4.05575694	73.0883	272.223°
52°40′48″N	52.67990776	4°10′19″E	4.17199501	93.0848	316.359°
51°52′45″N	51.87923665	4°58′39″E	4.97741004	24.3079	204.582°
52°31′25″N	52.52354541	4°58′52″E	4.98105748	50.5028	348.904°
52°35′47″N	52.59625347	4°57′38″E	4.9606327	58.7044	349.117°
52°48′36″N	52.8100134	4°40′17″E	4.67145945	87.0169	339.502°
51°22′17″N	51.37136006	4°33′04″E	4.55105698	87.9799	206.918°
51°12′18″N	51.20512172	4°47′41″E	4.79483114	99.7278	193.326°
51°27′49″N	51.4637382	4°29′34″E	4.49274919	80.9972	212.727°
52°24′02″N	52.40066098	6°14′26″E	6.24051554	84.0436	64.287°
51°18′56″N	51.31547319	4°54′47″E	4.9130135	86.0664	189.845°
51°53′17″N	51.88792714	5°55′43″E	5.92857969	58.9909	110.691°
51°55′01″N	51.91703602	4°22′33″E	4.3758994	54.3154	251.041°
52°01′37″N	52.02681842	5°48′42″E	5.81176702	47.3392	96.645°
52°02′24″N	52.0399379	3°54′47″E	3.91315996	82.9603	267.548°
51°18′05″N	51.30133087	5°22′23″E	5.37313779	88.0754	168.686°
52°33′56″N	52.56551775	6°17′31″E	6.2919606	96.1076	55.198°
52°29′50″N	52.49713864	5°20′23″E	5.33978547	48.8554	17.346°
51°51′40″N	51.86101465	5°12′12″E	5.20331319	24.7358	167.387°
52°17′28″N	52.29108028	6°29′21″E	6.48904183	96.0102	75.175°
52°16′55″N	52.28181451	3°53′22″E	3.88935922	87.245	285.543°
52°43′33″N	52.72579136	4°21′21″E	4.3556964	88.957	324.387°
52°39′59″N	52.66648674	5°28′09″E	5.46924852	69.5045	19.536°
51°24′47″N	51.41299581	4°20′33″E	4.34244876	91.5082	216.371°
51°22′02″N	51.36708659	5°17′10″E	5.28621215	79.8589	171.925°
51°41′40″N	51.69437104	6°03′59″E	6.06653982	77.4733	123.054°
51°52′33″N	51.87569661	5°52′57″E	5.88255886	56.593	113.137°
52°35′49″N	52.59703207	6°11′44″E	6.19565097	92.8924	51.16°
51°32′18″N	51.53843342	4°29′15″E	4.48761189	74.3097	216.378°
51°30′16″N	51.50447468	6°01′53″E	6.03127077	89.2191	135.292°
52°23′47″N	52.39650855	4°32′54″E	4.5482834	52.8763	312.283°
51°47′41″N	51.79483626	5°16′37″E	5.27695544	33.1881	161.601°
51°30′10″N	51.50275393	4°49′21″E	4.82263268	67.2792	198.11°
51°42′11″N	51.70300631	4°47′39″E	4.79422217	47.4851	208.666°
51°22′53″N	51.38145953	4°53′06″E	4.88489055	79.2222	192.13°
51°54′29″N	51.90811043	4°18′27″E	4.30755997	59.0693	251.658°
51°56′21″N	51.93924501	4°17′50″E	4.29712216	58.7243	255.082°
52°34′07″N	52.56865094	5°09′12″E	5.15344384	54.601	2.041°
51°16′53″N	51.28136693	5°12′56″E	5.21567948	88.8358	175.913°
52°51′06″N	52.85156161	5°20′59″E	5.34962861	87.3729	9.958°
52°34′03″N	52.56758425	5°39′39″E	5.66090557	65.5237	33.592°
51°34′22″N	51.57267764	4°03′28″E	4.0578329	92.4029	232.951°
52°15′00″N	52.24989765	6°02′20″E	6.03884061	65.2321	72.603°
52°04′15″N	52.07088956	6°25′45″E	6.42929664	89.1908	89.998°
52°42′17″N	52.70467484	5°47′32″E	5.79221104	83.1284	32.765°
52°45′17″N	52.75474617	4°47′38″E	4.79382415	78.5398	343.526°
51°58′27″N	51.97420965	6°07′25″E	6.12364229	69.3351	99.196°
52°31′30″N	52.5249927	6°23′59″E	6.39974509	99.9587	59.675°
52°40′07″N	52.66869467	4°54′20″E	4.90552605	67.3579	347.323°
52°30′05″N	52.50127793	5°09′57″E	5.16590937	47.1558	3.394°
52°32′59″N	52.54988252	5°47′15″E	5.78750989	69.1752	40.395°
52°19′23″N	52.32302544	6°22′13″E	6.37041385	89.1846	71.721°
51°37′04″N	51.6179139	4°36′51″E	4.61420566	62.0459	214.624°
52°18′27″N	52.30762651	4°42′02″E	4.70057547	38.5759	311.612°
51°31′38″N	51.52721771	5°55′17″E	5.92142507	82.199	137.877°
52°50′59″N	52.8496821	4°49′26″E	4.82382071	88.2122	346.756°
52°11′03″N	52.18415897	4°10′10″E	4.16946418	66.2778	280.633°
52°47′42″N	52.7950423	4°16′58″E	4.28268602	98.0762	324.733°
52°11′34″N	52.19279122	4°17′24″E	4.28992905	58.3996	282.95°
51°59′25″N	51.99029009	4°46′59″E	4.78316557	25.3258	247.46°
51°17′01″N	51.28372608	4°34′43″E	4.57856117	96.0435	203.302°
52°56′57″N	52.94925613	5°25′11″E	5.41976235	98.9362	11.53°
52°36′38″N	52.61057884	4°53′29″E	4.89139045	61.314	345.109°
52°20′01″N	52.33373647	6°26′23″E	6.4396954	94.0357	71.879°
51°26′29″N	51.4413783	5°14′25″E	5.24026577	71.2621	173.543°
51°53′11″N	51.88631924	5°30′37″E	5.51033819	33.9534	128.76°
51°22′38″N	51.37721051	6°00′47″E	6.01315366	99.1116	141.511°
51°18′14″N	51.30386406	5°13′32″E	5.22551032	86.3918	175.345°
52°43′58″N	52.73273867	5°49′25″E	5.82365498	86.9004	32.802°
52°26′41″N	52.44463207	4°53′55″E	4.8986266	43.5793	339.41°
51°57′10″N	51.95277318	5°58′57″E	5.98261123	60.3593	103.011°
51°54′11″N	51.90303291	6°09′27″E	6.15760487	73.3763	104.979°
52°12′02″N	52.20055865	4°03′42″E	4.06154922	73.8412	281.052°
52°41′11″N	52.68634644	5°28′46″E	5.4794105	71.8151	19.453°
52°17′52″N	52.29765312	4°24′43″E	4.41204703	54.3867	296.966°
51°45′44″N	51.76210878	6°06′51″E	6.11413268	76.4334	116.983°
51°26′51″N	51.44756534	4°25′39″E	4.42741129	84.9813	214.664°
52°26′33″N	52.44263472	4°15′24″E	4.25680374	71.6595	304.805°
52°06′49″N	52.1135785	4°21′10″E	4.35269397	52.8981	274.587°
52°12′22″N	52.2060318	3°52′18″E	3.87172395	86.7022	279.943°
52°30′53″N	52.51471819	4°42′54″E	4.7150816	55.9916	330.32°
52°54′56″N	52.91568584	5°34′28″E	5.57453678	98.0184	17.928°
51°31′59″N	51.53344353	4°28′14″E	4.47065012	75.4496	216.853°
52°13′05″N	52.21803921	4°57′33″E	4.95924539	19.2321	324.114°
52°26′20″N	52.43885564	6°08′23″E	6.13964505	79.9066	59.454°
51°59′55″N	51.99869281	3°42′19″E	3.70517981	97.5197	265.366°
51°55′35″N	51.92628648	3°56′36″E	3.94345242	82.6259	258.676°
51°32′01″N	51.53371322	5°44′10″E	5.7362138	73.7199	144.974°
51°50′23″N	51.83970674	4°23′50″E	4.3973546	56.4623	242.282°
52°07′47″N	52.12966268	6°10′32″E	6.17557902	72.0244	85.015°
52°21′05″N	52.35125172	4°50′48″E	4.8466991	35.8071	328.168°
52°22′00″N	52.36664538	6°26′23″E	6.43966031	95.1729	69.772°
52°16′51″N	52.28088467	5°01′44″E	5.02882522	23.487	343.876°
52°08′41″N	52.14481215	5°45′20″E	5.75562345	43.7325	79.977°
52°33′20″N	52.55559016	5°00′12″E	5.00332314	53.7503	351.217°
52°18′51″N	52.31414432	4°16′48″E	4.27998583	63.2924	294.844°
51°22′30″N	51.37506605	4°23′58″E	4.39948024	92.7906	212.863°
52°54′05″N	52.90127514	5°17′49″E	5.29705329	92.3036	7.198°
52°36′36″N	52.61008425	5°44′31″E	5.74195958	72.5316	35.086°
52°07′04″N	52.11765657	6°08′13″E	6.13697611	69.3075	85.958°
51°39′58″N	51.66607819	5°16′50″E	5.2806016	47.0582	166.786°
51°27′13″N	51.45367495	5°08′49″E	5.14703702	69.4657	178.722°
52°33′32″N	52.55885248	5°09′48″E	5.1632291	53.5403	2.791°
51°41′35″N	51.69299579	6°24′14″E	6.40386241	97.705	115.495°
51°52′47″N	51.87968245	6°25′34″E	6.42599726	91.8419	103.388°
52°17′57″N	52.29915605	4°19′03″E	4.3175758	60.2792	294.395°
52°13′52″N	52.231064	5°52′45″E	5.87921561	54.2292	71.414°
51°57′03″N	51.95087856	6°07′44″E	6.12885024	70.1809	101.233°
52°25′03″N	52.41738529	5°58′27″E	5.97425748	69.0757	56.546°
51°47′50″N	51.79726825	5°24′46″E	5.41281687	36.9572	147.568°
52°14′02″N	52.2338153	3°48′30″E	3.80843149	91.4734	281.436°
52°04′33″N	52.07595634	3°50′28″E	3.84102885	87.7495	270.353°
52°38′28″N	52.64100385	6°02′38″E	6.04402011	88.4301	44.561°
52°00′31″N	52.00851709	6°05′59″E	6.09987053	67.1606	96.229°
52°04′37″N	52.07702647	6°14′43″E	6.24536669	76.6083	89.644°
52°04′20″N	52.07218186	4°54′13″E	4.90361466	15.1269	267.607°
52°40′44″N	52.67875239	5°24′51″E	5.41414446	69.6427	16.278°
52°23′18″N	52.388244	4°17′29″E	4.29138207	66.4259	301.619°
51°42′39″N	51.71093569	3°52′30″E	3.87493366	95.0031	245.037°
51°43′22″N	51.72290227	5°06′17″E	5.10477042	39.5272	181.989°
51°26′03″N	51.43413916	4°38′53″E	4.64805528	78.7811	204.804°
51°23′10″N	51.38603601	4°42′01″E	4.70029462	82.3364	200.964°
52°39′33″N	52.65929017	5°49′54″E	5.83171709	80.5278	36.323°
52°33′44″N	52.56222385	5°25′44″E	5.42890806	57.6865	20.891°
52°32′21″N	52.53910525	5°52′22″E	5.87287773	72.2382	44.481°
51°44′15″N	51.73747735	4°59′31″E	4.99198803	38.9613	193.567°
52°03′08″N	52.05228801	4°14′15″E	4.2374876	60.7318	267.644°
52°22′05″N	52.36817332	5°31′01″E	5.51707445	41.9047	39.489°
51°20′07″N	51.33518914	5°47′18″E	5.78820749	94.4389	150.775°
52°51′56″N	52.86556712	5°24′18″E	5.40487014	89.6242	12.118°
51°32′23″N	51.53960037	5°31′04″E	5.51780422	65.7104	155.551°
51°39′04″N	51.65117017	6°15′13″E	6.25351648	90.9161	121.039°
52°36′42″N	52.61161081	5°28′05″E	5.46812642	63.7677	21.331°
52°38′31″N	52.64206771	5°10′48″E	5.17986542	62.8437	3.398°
52°21′59″N	52.36634808	5°10′40″E	5.17766285	32.2671	6.403°
52°31′19″N	52.52207291	4°21′22″E	4.3560616	71.9164	313.673°
51°20′48″N	51.34667639	4°31′11″E	4.51966547	91.4121	207.375°
52°05′06″N	52.0849192	5°12′47″E	5.21311255	6.0924	82.778°
51°44′46″N	51.7461028	4°36′53″E	4.61461581	50.8729	223.667°
51°48′51″N	51.81423804	4°04′03″E	4.0675092	78.1939	248.375°
52°16′59″N	52.283405	3°46′05″E	3.76805231	95.2989	284.401°
52°09′11″N	52.15305166	5°37′20″E	5.62235749	34.9999	76.018°
51°59′39″N	51.99410534	5°43′01″E	5.71706907	41.5944	102.741°
51°40′17″N	51.67143355	5°47′11″E	5.78629068	64.1062	134.61°
52°09′21″N	52.1559681	4°13′09″E	4.21925376	62.4431	278.333°
51°34′18″N	51.57169428	4°19′31″E	4.32516557	78.6952	224.615°
51°43′58″N	51.73266066	6°02′26″E	6.04048357	73.6565	121.077°
51°39′45″N	51.66249406	5°00′15″E	5.00409658	46.9585	190.205°
51°29′36″N	51.49333595	5°02′21″E	5.03928173	65.3022	185.196°
51°37′23″N	51.62318618	6°18′25″E	6.30708189	95.7031	121.449°
52°23′05″N	52.38472474	3°45′17″E	3.75462577	99.3679	290.616°
52°29′45″N	52.49595567	3°53′13″E	3.88692836	96.1876	299.384°
52°22′01″N	52.36686	4°38′15″E	4.63745354	46.1941	314.248°
51°52′01″N	51.86706638	5°27′06″E	5.45163957	32.445	136.202°
52°04′05″N	52.06818048	6°17′02″E	6.28391634	79.2589	90.338°
51°24′32″N	51.40887334	4°31′25″E	4.52362622	85.1673	209.316°
51°42′20″N	51.70547911	5°29′42″E	5.49494122	48.6142	148.334°
51°46′02″N	51.76711719	6°28′12″E	6.46987217	98.5416	110.016°
52°38′04″N	52.63432044	4°12′44″E	4.21218572	87.5791	315.306°
51°58′06″N	51.96838424	5°52′50″E	5.88046119	53.1461	102.972°
52°29′07″N	52.4851724	5°44′32″E	5.74230514	61.7784	42.622°
52°16′59″N	52.28298499	5°56′08″E	5.93558079	59.8165	67.282°
52°04′41″N	52.07809701	3°40′32″E	3.67569083	99.0488	270.574°
51°38′21″N	51.63911119	6°18′29″E	6.3079284	94.8162	120.526°
51°49′49″N	51.83014583	5°56′05″E	5.93481655	62.0021	116.088°
52°35′58″N	52.59952092	4°12′53″E	4.21459685	84.7872	313.52°
51°52′50″N	51.88050487	5°24′06″E	5.40172938	29.0364	139.071°
51°54′07″N	51.9019506	5°54′11″E	5.90306014	56.798	109.868°
51°34′21″N	51.5725488	6°09′43″E	6.16188856	90.8032	127.85°
51°29′08″N	51.48568445	4°22′04″E	4.36771773	83.9893	218.626°
52°11′08″N	52.18557416	4°17′56″E	4.29897109	57.63	282.301°
52°39′56″N	52.66545432	5°09′13″E	5.15351105	65.3623	1.705°
52°29′30″N	52.49159786	4°44′42″E	4.74498168	52.7545	330.828°
52°00′44″N	52.01216801	4°02′11″E	4.03641659	74.806	264.806°
51°30′26″N	51.50717182	4°53′53″E	4.89813566	65.383	193.879°
52°07′54″N	52.1317981	4°28′50″E	4.48046379	44.4148	277.987°
52°46′01″N	52.76694514	5°49′37″E	5.82689801	90.2185	31.589°
51°20′35″N	51.34312609	5°14′55″E	5.24870515	82.1903	173.982°
52°02′09″N	52.03587213	4°01′42″E	4.02840337	75.1211	266.851°
52°13′10″N	52.21957005	6°04′46″E	6.07952805	67.0413	76.046°
51°28′32″N	51.47564329	6°00′02″E	6.00052009	90.1245	137.683°
52°07′11″N	52.11967543	4°05′11″E	4.08627668	71.1006	274.142°
51°55′21″N	51.92247398	3°51′38″E	3.86057519	88.2743	259.193°
52°39′54″N	52.66492949	4°43′44″E	4.72889396	70.5912	337.777°
52°15′09″N	52.25238213	5°25′05″E	5.41818588	27.8727	45.808°
51°36′21″N	51.60587073	6°18′18″E	6.30493327	96.6242	122.46°
52°20′39″N	52.34427244	5°07′15″E	5.12082414	29.6103	359.493°
51°45′58″N	51.76605057	4°39′36″E	4.65989792	47.1262	222.757°
51°40′32″N	51.67543355	6°05′03″E	6.08414815	79.6614	123.827°
51°47′03″N	51.78414884	4°18′01″E	4.30019019	65.3155	240.291°
52°15′56″N	52.26557189	4°02′57″E	4.04904198	76.2798	286.291°
52°36′55″N	52.61519702	6°05′39″E	6.09424911	88.9323	47.413°
52°35′59″N	52.59971711	4°36′13″E	4.60371455	67.9695	328.815°
51°54′01″N	51.90025113	6°06′01″E	6.10040331	69.6958	106.101°
52°42′17″N	52.70462844	4°46′01″E	4.76682083	73.8019	340.926°
52°04′27″N	52.0741628	5°45′38″E	5.76061438	43.4752	90.321°
51°21′38″N	51.36067629	5°56′09″E	5.93593316	97.424	144.667°
52°03′59″N	52.06641449	5°01′07″E	5.01859247	7.3678	259.911°
51°45′36″N	51.75991619	4°33′09″E	4.55250862	52.8479	228.19°
51°47′42″N	51.79511394	4°01′08″E	4.018784	82.1065	247.898°
51°55′07″N	51.91856815	5°47′09″E	5.78577062	48.6232	111.138°
51°50′34″N	51.84274725	6°14′32″E	6.24215424	80.9375	108.427°
51°12′01″N	51.20036471	5°05′30″E	5.0917909	97.6499	181.345°
51°41′37″N	51.69347813	4°39′16″E	4.65435093	53.5946	217.232°
52°35′23″N	52.58964899	5°50′48″E	5.84665016	75.1362	40.488°
52°24′48″N	52.41327047	6°22′57″E	6.38258941	93.4253	65.984°
52°45′15″N	52.75407191	4°35′24″E	4.58995908	83.4822	334.457°
52°49′37″N	52.82694587	5°27′11″E	5.45317829	86.2197	14.836°
51°58′38″N	51.97711892	5°51′28″E	5.85763896	51.4014	102.328°
52°02′04″N	52.03449337	6°02′59″E	6.04972314	63.45	94.016°
52°47′41″N	52.79461001	5°29′03″E	5.48403869	83.3401	16.858°
52°15′28″N	52.25767282	6°32′46″E	6.54608575	99.0038	77.798°
52°34′14″N	52.57067325	5°34′43″E	5.57850597	62.8792	29.203°
52°48′11″N	52.80293932	5°13′50″E	5.23053922	80.9438	5.045°
51°57′11″N	51.95304144	4°22′22″E	4.37275021	53.3177	255.178°
51°50′20″N	51.83895495	5°43′04″E	5.71786095	48.583	122.956°
51°42′10″N	51.70289137	6°01′20″E	6.02215056	74.4085	123.758°
51°33′31″N	51.55849345	6°08′30″E	6.14174674	90.7163	129.17°
51°37′16″N	51.62121328	4°45′41″E	4.76143596	56.6121	206.301°
51°33′48″N	51.56338714	5°10′19″E	5.17191637	57.3379	176.735°
51°18′39″N	51.31081757	5°41′28″E	5.69102916	93.8461	155.191°
52°12′46″N	52.21269974	3°55′54″E	3.93165964	82.7943	280.891°
51°32′27″N	51.54084634	5°18′19″E	5.30533196	61.0307	168.184°
51°54′46″N	51.91290185	6°28′07″E	6.46850605	93.8455	100.759°
52°01′54″N	52.0317899	6°32′25″E	6.54033325	96.9568	92.485°
52°55′10″N	52.91944054	5°11′15″E	5.18763501	93.68	2.583°
51°12′55″N	51.21536505	5°17′06″E	5.28512753	96.5918	173.354°
52°45′34″N	52.75948163	4°27′38″E	4.46057072	88.1685	329.536°
51°32′28″N	51.54118124	5°01′19″E	5.02196182	60.132	186.787°
52°30′08″N	52.50222246	4°21′08″E	4.35211298	70.627	312.216°
52°27′20″N	52.45542115	5°45′28″E	5.75774155	60.1538	45.504°
51°32′48″N	51.54669347	5°18′59″E	5.31656901	60.5576	167.339°
52°14′21″N	52.23915686	4°21′03″E	4.35095066	55.7526	289.051°
51°49′55″N	51.83207299	4°02′35″E	4.04317998	79.0201	250.168°
51°30′25″N	51.50683402	5°03′17″E	5.05458577	63.7187	184.368°
52°24′04″N	52.4012475	4°39′59″E	4.66649846	47.6025	319.218°
51°21′58″N	51.36620665	5°23′45″E	5.39570179	81.3496	166.623°
51°18′09″N	51.30238165	5°28′57″E	5.48256839	89.7358	163.898°
52°42′07″N	52.70190346	4°52′33″E	4.87572473	71.4152	346.411°
52°07′54″N	52.13156904	5°21′31″E	5.35855402	17.0498	69.48°
51°32′28″N	51.54103798	5°40′52″E	5.68122406	70.9408	147.131°
51°33′27″N	51.55757439	4°59′24″E	4.98990163	58.6293	189.147°
52°00′01″N	52.00025492	4°24′17″E	4.40485106	50.0036	260.317°
52°22′41″N	52.37803361	6°19′19″E	6.32187125	88.1214	67.28°
52°09′16″N	52.15430601	4°41′57″E	4.69929057	30.2663	286.439°
51°56′09″N	51.93575843	3°42′35″E	3.70981647	98.1547	261.278°
52°25′35″N	52.42638582	4°20′33″E	4.34262827	65.8525	306.346°
52°37′15″N	52.62087767	4°14′52″E	4.24766747	84.8258	315.723°
52°48′22″N	52.80612646	4°23′10″E	4.38598965	95.2142	328.557°
52°06′21″N	52.105704	5°34′19″E	5.57190053	30.7158	84.08°
52°35′20″N	52.58892011	5°45′43″E	5.76196349	71.4462	37.066°
52°03′24″N	52.05663637	3°50′53″E	3.84793429	87.3285	268.94°
52°23′08″N	52.38551461	4°14′08″E	4.23566313	69.5491	299.802°
52°11′39″N	52.19430433	5°03′14″E	5.05398074	13.8003	339.556°
51°43′17″N	51.72140162	3°56′14″E	3.93720175	90.6387	244.513°
52°42′09″N	52.70239392	4°25′13″E	4.42029514	84.3095	325.73°
51°50′42″N	51.84511271	6°07′32″E	6.12548314	73.3214	110.3°
52°04′53″N	52.08136821	6°35′01″E	6.58366835	99.7291	89.214°
51°59′02″N	51.98400596	4°35′42″E	4.5950163	37.7247	254.108°
52°03′55″N	52.06515518	4°08′32″E	4.14225303	67.1816	269.163°
51°59′04″N	51.98455868	6°28′16″E	6.47098406	92.7111	95.91°
51°38′25″N	51.64026079	6°22′37″E	6.37698854	98.8489	119.019°
52°00′35″N	52.00972835	5°55′51″E	5.93089801	55.6748	97.529°
52°16′05″N	52.26803161	3°57′08″E	3.95212755	82.7258	285.26°
51°55′07″N	51.91867571	6°26′11″E	6.436483	91.5638	100.646°
52°41′53″N	52.69792027	5°46′49″E	5.7801649	82.0552	32.579°
51°21′11″N	51.35310377	4°24′10″E	4.40266272	94.7491	211.961°
52°47′16″N	52.78783439	5°52′59″E	5.88310314	94.2191	32.784°
51°48′17″N	51.8045947	4°29′46″E	4.49607404	52.7537	235.037°
52°33′45″N	52.56240015	6°08′47″E	6.14648277	87.9076	51.804°
52°21′04″N	52.35097789	3°52′40″E	3.87784457	90.2286	290.151°
51°17′10″N	51.28618994	5°30′22″E	5.50605964	91.9201	163.224°
52°09′01″N	52.15020393	5°41′25″E	5.69013923	39.447	78.041°
51°24′33″N	51.40910504	5°35′47″E	5.59642289	81.1892	156.227°
52°09′28″N	52.15768146	5°29′09″E	5.48584373	26.2078	70.109°
52°34′04″N	52.56777944	4°02′01″E	4.03364195	92.0218	306.723°
51°57′48″N	51.96320699	4°50′58″E	4.84934515	22.7677	235.976°
52°19′43″N	52.32873005	4°22′50″E	4.38063264	57.8764	299.091°
52°33′44″N	52.56214133	6°07′52″E	6.13098538	87.0598	51.4°
51°59′07″N	51.98529404	6°09′08″E	6.15215477	71.0618	97.944°
51°31′51″N	51.53090317	5°51′40″E	5.8610754	79.1754	139.943°
52°49′37″N	52.82685633	4°34′15″E	4.57088228	91.3533	335.957°
51°58′40″N	51.97790293	5°17′32″E	5.29215807	15.9837	134.122°
51°18′52″N	51.31442478	4°59′55″E	4.99855428	85.3809	185.895°
52°47′35″N	52.79303049	5°46′08″E	5.76880373	90.7274	28.523°
51°28′56″N	51.48209241	5°37′17″E	5.62128273	74.5776	152.533°
52°01′42″N	52.02824567	4°06′19″E	4.10537077	69.9364	265.858°
51°58′42″N	51.97826512	6°03′55″E	6.06527954	65.3192	99.413°
51°50′52″N	51.84770064	4°39′57″E	4.66597176	40.5564	230.999°
52°23′36″N	52.39331802	4°24′13″E	4.40372026	60.3422	305.812°
51°35′54″N	51.59843206	5°33′20″E	5.55558341	61.0159	150.796°
51°27′11″N	51.4531379	5°38′46″E	5.64611616	78.2284	152.484°
52°11′35″N	52.19303032	4°55′27″E	4.9241189	18.7347	313.121°
52°31′53″N	52.53152377	4°18′42″E	4.31176851	74.8352	312.694°
52°14′16″N	52.23788483	4°22′01″E	4.36690792	54.6772	289.271°
52°11′44″N	52.1955475	6°08′44″E	6.14541689	70.8978	78.977°
51°40′21″N	51.67245854	5°08′46″E	5.14608929	45.1382	178.125°
51°57′58″N	51.96597633	5°57′07″E	5.95187664	57.9727	102.092°
52°00′17″N	52.00477253	5°12′50″E	5.21394859	10.186	143.126°
51°53′49″N	51.8970544	5°47′36″E	5.79340388	50.0345	113.464°
51°22′00″N	51.36680546	5°47′42″E	5.79491358	91.6021	149.463°
51°18′27″N	51.30753376	4°39′59″E	4.66641411	91.3416	200.417°
51°58′11″N	51.96976862	5°08′58″E	5.14953266	12.165	171.953°
52°12′12″N	52.20328313	4°18′12″E	4.30343538	57.7639	284.276°
52°30′40″N	52.51112231	6°20′38″E	6.34383287	95.9052	59.371°
52°01′46″N	52.02938926	5°16′01″E	5.26693992	11.1348	119.037°
51°30′53″N	51.5146897	4°49′49″E	4.83035966	65.8516	198.021°
51°13′47″N	51.22982449	5°22′54″E	5.38165035	95.9985	169.255°
51°41′01″N	51.68349316	6°18′48″E	6.31338536	92.666	117.799°
52°16′31″N	52.27541247	5°49′42″E	5.82835393	52.7763	65.146°
52°04′40″N	52.07768657	5°44′11″E	5.73631129	41.8101	89.817°
51°50′50″N	51.8472458	4°26′38″E	4.4438712	53.2557	241.448°
51°27′55″N	51.46519792	4°07′18″E	4.12159196	97.0196	225.759°
52°05′44″N	52.09565183	5°14′48″E	5.24678685	8.5715	76.761°
51°36′37″N	51.61016597	5°03′04″E	5.05123609	52.2869	185.568°
51°34′04″N	51.56765208	5°17′29″E	5.29125073	57.9148	168.53°
51°59′44″N	51.99559758	5°30′42″E	5.5117471	28.0271	108.951°
51°48′58″N	51.81611697	4°36′54″E	4.61507698	45.4919	230.375°
52°36′40″N	52.61102785	5°34′12″E	5.56995448	66.554	26.864°
52°38′22″N	52.63949968	4°57′15″E	4.95404289	63.5128	349.552°
51°38′41″N	51.64475576	4°06′34″E	4.10952497	84.7641	235.749°
52°21′11″N	52.35299371	6°00′33″E	6.00922778	67.5917	62.753°
51°27′45″N	51.46246742	5°10′16″E	5.17109886	68.5452	177.31°
51°59′04″N	51.98453484	6°27′11″E	6.45294712	91.4851	96.005°
52°18′19″N	52.30539763	4°49′10″E	4.81932441	32.7541	320.652°
52°41′03″N	52.68406549	5°23′23″E	5.38972984	69.7637	14.843°
51°45′45″N	51.76253852	6°23′43″E	6.39525268	93.9592	111.431°
52°42′31″N	52.70869317	5°25′35″E	5.42644136	73.0714	16.159°
52°32′56″N	52.54878178	4°17′19″E	4.28859212	77.286	312.973°
51°40′43″N	51.6786493	4°20′08″E	4.33565759	70.0622	230.959°
51°51′00″N	51.84994543	4°57′31″E	4.95865083	27.8075	204.219°
52°33′56″N	52.56566919	4°36′37″E	4.61023336	64.5331	327.386°
52°17′27″N	52.29084609	4°43′14″E	4.72056388	36.3263	310.815°
51°41′46″N	51.69615956	5°44′34″E	5.74274834	60.039	134.789°
52°08′39″N	52.14414258	4°26′25″E	4.44031855	47.3212	279.205°
52°30′59″N	52.51628377	4°38′54″E	4.64840182	58.5259	326.577°
52°48′58″N	52.81613336	5°42′41″E	5.71126973	91.216	25.614°
51°39′41″N	51.66140705	5°15′59″E	5.26668264	47.3584	168.061°
51°51′50″N	51.86389726	4°36′02″E	4.60068888	43.0884	236.644°
51°56′58″N	51.94947214	4°28′22″E	4.47291423	46.8541	252.483°
52°13′33″N	52.22576399	6°30′23″E	6.506331	95.7097	79.572°
52°07′10″N	52.11957827	5°00′23″E	5.00632977	9.3119	299.772°
52°18′03″N	52.30074143	5°02′36″E	5.0432458	25.3822	347.395°
51°36′49″N	51.61347522	4°26′16″E	4.43769946	69.9892	222.682°